,Name_x,Fraktion,Wahlkreis,Wahlkreisname,mail_adress
0,Christoph Naser,CDU/CSU,290,Tübingen ,christoph.naser@bundestag.de
1,Stefan Glaser,CDU/CSU,282,Lörrach – Müllheim ,stefan.glaser@bundestag.de
2,David Mandrella,SPD,231,Amberg ,david.mandrella@bundestag.de
3,Mayra Vriesema,BÜNDNIS 90/­DIE GRÜNEN,,,mayra.vriesema@bundestag.de
4,Lisa Schubert,Die Linke,106,Düsseldorf II ,lisa.schubert@bundestag.de
5,Andrea Lübcke,BÜNDNIS 90/­DIE GRÜNEN,62,Dahme-Spreewald – Teltow-Fläming III ,andrea.luebcke@bundestag.de
6,Reza Asghari,CDU/CSU,49,Salzgitter – Wolfenbüttel ,reza.asghari@bundestag.de
7,Carsten Schneider,SPD,192,Erfurt – Weimar – Weimarer Land II ,carsten.schneider@bundestag.de
8,Alexis Giersch,AfD,,,alexis.giersch@bundestag.de
9,Aydan Özoğuz,SPD,22,Hamburg-Wandsbek ,aydan.oezoguz@bundestag.de
10,Mahmut Özdemir,SPD,115,Duisburg II ,mahmut.oezdemir@bundestag.de
11,Cansu Özdemir,Die Linke,,,cansu.oezdemir@bundestag.de
12,Armand Zorn,SPD,181,Frankfurt am Main I ,armand.zorn@bundestag.de
13,Ulrich von Zons,AfD,145,Soest ,ulrich.vonzons@bundestag.de
14,Vanessa-Kim Zobel,CDU/CSU,30,Stade I – Rotenburg II ,vanessa.zobel@bundestag.de
15,Jörg Zirwes,AfD,199,Mosel/Rhein-Hunsrück ,joerg.zirwes@bundestag.de
16,Nicolas Zippelius,CDU/CSU,272,Karlsruhe-Land ,nicolas.zippelius@bundestag.de
17,Diana Zimmer,AfD,279,Pforzheim ,diana.zimmer@bundestag.de
18,Stefan Zierke,SPD,57,Uckermark – Barnim I ,stefan.zierke@bundestag.de
19,Paul Ziemiak,CDU/CSU,149,Märkischer Kreis II ,paul.ziemiak@bundestag.de
20,Kay-Uwe Ziegler,AfD,73,Mansfeld ,kay-uwe.ziegler@bundestag.de
21,Emmi Zeulner,CDU/CSU,239,Kulmbach ,emmi.zeulner@bundestag.de
22,Anne Zerr,Die Linke,289,Reutlingen ,anne.zerr@bundestag.de
23,Daniel Zerbin,AfD,140,Herne – Bochum II ,daniel.zerbin@bundestag.de
24,Christian Zaum,AfD,147,Siegen-Wittgenstein ,christian.zaum@bundestag.de
25,Serdar Yüksel,SPD,139,Bochum I ,serdar.yueksel@bundestag.de
26,Mareike Lotte Wulf,CDU/CSU,46,Hameln-Pyrmont – Holzminden ,mareike.wulf@bundestag.de
27,Alexander Wolf,AfD,20,Hamburg-Eimsbüttel ,alexander.wolf@bundestag.de
28,Janine Wissler,Die Linke,181,Frankfurt am Main I ,janine.wissler@bundestag.de
29,Mechthilde Wittmann,CDU/CSU,256,Oberallgäu ,mechthilde.wittmann@bundestag.de
30,Christian Wirth,AfD,,,christian.wirth@bundestag.de
31,Tina Winklmann,BÜNDNIS 90/­DIE GRÜNEN,233,Schwandorf ,tina.winklmann@bundestag.de
32,Tobias Winkler,CDU/CSU,242,Fürth ,tobias.winkler@bundestag.de
33,Elisabeth Winkelmeier-Becker,CDU/CSU,96,Rhein-Sieg-Kreis I ,elisabeth.winkelmeier-becker@bundestag.de
34,Johannes Winkel,CDU/CSU,106,Düsseldorf II ,johannes.winkel@bundestag.de
35,Klaus-Peter Willsch,CDU/CSU,177,Rheingau-Taunus – Limburg ,klaus-peter.willsch@bundestag.de
36,Christin Willnat,Die Linke,60,Brandenburg an der Havel – Potsdam-Mittelmark I – Havelland III – Teltow-Fläming I ,christin.willnat@bundestag.de
37,Dirk Wiese,SPD,146,Hochsauerlandkreis ,dirk.wiese@bundestag.de
38,Klaus Wiener,CDU/CSU,103,Mettmann I ,klaus.wiener@bundestag.de
39,Wolfgang Wiehle,AfD,218,München-Süd ,wolfgang.wiehle@bundestag.de
40,Johannes Wiegelmann,CDU/CSU,174,Main-Kinzig – Wetterau II – Schotten ,johannes.wiegelmann@bundestag.de
41,Kai Whittaker,CDU/CSU,273,Rastatt ,kai.whittaker@bundestag.de
42,Sven Wendorf,AfD,8,Segeberg – Stormarn-Mitte ,sven.wendorf@bundestag.de
43,Maria-Lena Weiss,CDU/CSU,285,Rottweil – Tuttlingen ,maria-lena.weiss@bundestag.de
44,Claudia Weiss,AfD,69,Magdeburg ,claudia.weiss@bundestag.de
45,Anja Weisgerber,CDU/CSU,249,Schweinfurt ,anja.weisgerber@bundestag.de
46,Mathias Weiser,AfD,165,Vogtlandkreis ,mathias.weiser@bundestag.de
47,Alice Weidel,AfD,293,Bodensee ,alice.weidel@bundestag.de
48,Carmen Wegge,SPD,223,Starnberg – Landsberg am Lech ,carmen.wegge@bundestag.de
49,Nina Warken,CDU/CSU,276,Odenwald – Tauber ,nina.warken@bundestag.de
50,Daniel Walter,SPD,89,Düren ,daniel.walter@bundestag.de
51,Maja Wallstein,SPD,64,Cottbus – Spree-Neiße ,maja.wallstein@bundestag.de
52,Siegfried Walch,CDU/CSU,224,Traunstein ,siegfried.walch@bundestag.de
53,Sascha Wagner,Die Linke,116,Oberhausen – Wesel III ,sascha.wagner@bundestag.de
54,Johannes Wagner,BÜNDNIS 90/­DIE GRÜNEN,237,Coburg ,johannes.wagner@bundestag.de
55,Carolin Wagner,SPD,232,Regensburg ,carolin.wagner@bundestag.de
56,Robin Wagener,BÜNDNIS 90/­DIE GRÜNEN,134,Lippe I ,robin.wagener@bundestag.de
57,Niklas Wagener,BÜNDNIS 90/­DIE GRÜNEN,246,Aschaffenburg ,niklas.wagener@bundestag.de
58,Johann Wadephul,CDU/CSU,4,Rendsburg-Eckernförde ,johann.wadephul@bundestag.de
59,Dirk Vöpel,SPD,116,Oberhausen – Wesel III ,dirk.voepel@bundestag.de
60,Marja-Liisa Völlers,SPD,40,Nienburg II – Schaumburg ,marja.voellers@bundestag.de
61,Christoph de Vries,CDU/CSU,18,Hamburg-Mitte ,christoph.devries@bundestag.de
62,Sarah Vollath,Die Linke,215,Ingolstadt ,sarah.vollath@bundestag.de
63,Johannes Volkmann,CDU/CSU,171,Lahn-Dill ,johannes.volkmann@bundestag.de
64,Donata Vogtschmidt,Die Linke,188,Eichsfeld – Nordhausen – Kyffhäuserkreis ,donata.vogtschmidt@bundestag.de
65,Oliver Vogt,CDU/CSU,133,Minden-Lübbecke I ,oliver.vogt@bundestag.de
66,Ingo Vogel,SPD,118,Essen II ,ingo.vogel@bundestag.de
67,Kerstin Vieregge,CDU/CSU,134,Lippe I ,kerstin.vieregge@bundestag.de
68,Julia Verlinden,BÜNDNIS 90/­DIE GRÜNEN,37,Lüchow-Dannenberg – Lüneburg ,julia.verlinden@bundestag.de
69,Isabelle Vandre,Die Linke,61,Potsdam – Potsdam-Mittelmark II – Teltow-Fläming II ,isabelle.vandre@bundestag.de
70,Aaron Valent,Die Linke,250,Würzburg ,aaron.valent@bundestag.de
71,Martina Uhr,AfD,25,Unterems ,martina.uhr@bundestag.de
72,Katrin Uhlig,BÜNDNIS 90/­DIE GRÜNEN,95,Bonn ,katrin.uhlig@bundestag.de
73,Derya Türk-Nachbaur,SPD,286,Schwarzwald-Baar ,derya.tuerk-nachbaur@bundestag.de
74,Markus Töns,SPD,122,Gelsenkirchen ,markus.toens@bundestag.de
75,Anja Troff-Schaffarzyk,SPD,25,Unterems ,anja.troff-schaffarzyk@bundestag.de
76,Bastian Treuheit,AfD,242,Fürth ,bastian.treuheit@bundestag.de
77,Gerhard Trabert,Die Linke,204,Mainz ,gerhard.trabert@bundestag.de
78,Astrid Timmermann-Fechter,CDU/CSU,117,Mülheim – Essen I ,astrid.timmermann-fechter@bundestag.de
79,Alexander Throm,CDU/CSU,267,Heilbronn ,alexander.throm@bundestag.de
80,Ulrich Thoden,Die Linke,127,Steinfurt III ,ulrich.thoden@bundestag.de
81,Michael Thews,SPD,144,Hamm – Unna II ,michael.thews@bundestag.de
82,Hans Theiss,CDU/CSU,216,München-Nord ,hans.theiss@bundestag.de
83,Roland Theis,CDU/CSU,298,St. Wendel ,roland.theis@bundestag.de
84,Robert Teske,AfD,195,Suhl – Schmalkalden-Meiningen – Hildburghausen – Sonneberg ,robert.teske@bundestag.de
85,Awet Tesfaiesus,BÜNDNIS 90/­DIE GRÜNEN,168,Werra-Meißner – Hersfeld-Rotenburg ,awet.tesfaiesus@bundestag.de
86,Tobias Teich,AfD,217,München-Ost ,tobias.teich@bundestag.de
87,Vivian Tauschwitz,CDU/CSU,35,Rotenburg I – Heidekreis ,vivian.tauschwitz@bundestag.de
88,Ruppert Stüwe,SPD,78,Berlin-Steglitz-Zehlendorf ,ruppert.stuewe@bundestag.de
89,Christina Stumpp,CDU/CSU,264,Waiblingen ,christina.stumpp@bundestag.de
90,Hendrik Streeck,CDU/CSU,95,Bonn ,hendrik.streeck@bundestag.de
91,Otto Strauß,AfD,,,otto.strauss@bundestag.de
92,Katja Strauss-Köster,CDU/CSU,138,Ennepe-Ruhr-Kreis II ,katja.strauss-koester@bundestag.de
93,Stephan Stracke,CDU/CSU,257,Ostallgäu ,stephan.stracke@bundestag.de
94,Beatrix von Storch,AfD,85,Berlin-Lichtenberg ,beatrix.vonstorch@bundestag.de
95,Dieter Stier,CDU/CSU,72,Burgenland – Saalekreis ,dieter.stier@bundestag.de
96,Christian von Stetten,CDU/CSU,268,Schwäbisch Hall – Hohenlohe ,christian.stetten@bundestag.de
97,Thomas Stephan,AfD,207,Neustadt – Speyer ,thomas.stephan@bundestag.de
98,Hanna Steinmüller,BÜNDNIS 90/­DIE GRÜNEN,74,Berlin-Mitte ,hanna.steinmueller@bundestag.de
99,Johannes Steiniger,CDU/CSU,207,Neustadt – Speyer ,johannes.steiniger@bundestag.de
100,Sebastian Steineke,CDU/CSU,56,Prignitz – Ostprignitz-Ruppin – Havelland I ,sebastian.steineke@bundestag.de
101,Sandra Stein,BÜNDNIS 90/­DIE GRÜNEN,146,Hochsauerlandkreis ,sandra.stein@bundestag.de
102,Ralf Stegner,SPD,7,Pinneberg ,ralf.stegner@bundestag.de
103,Albert Stegemann,CDU/CSU,31,Mittelems ,albert.stegemann@bundestag.de
104,Wolfgang Stefinger,CDU/CSU,217,München-Ost ,wolfgang.stefinger@bundestag.de
105,Till Steffen,BÜNDNIS 90/­DIE GRÜNEN,20,Hamburg-Eimsbüttel ,till.steffen@bundestag.de
106,Julia-Christina Stange,Die Linke,205,Worms ,julia-christina.stange@bundestag.de
107,Katrin Staffler,CDU/CSU,214,Fürstenfeldbruck ,katrin.staffler@bundestag.de
108,Svenja Stadler,SPD,36,Harburg ,svenja.stadler@bundestag.de
109,René Springer,AfD,59,Märkisch-Oderland – Barnim II ,rene.springer@bundestag.de
110,Jens Spahn,CDU/CSU,123,Steinfurt I – Borken I ,jens.spahn@bundestag.de
111,Tino Sorge,CDU/CSU,69,Magdeburg ,tino.sorge@bundestag.de
112,Nyke Slawik,BÜNDNIS 90/­DIE GRÜNEN,100,Leverkusen – Köln IV ,nyke.slawik@bundestag.de
113,Björn Simon,CDU/CSU,184,Offenbach ,bjoern.simon@bundestag.de
114,Thomas Silberhorn,CDU/CSU,235,Bamberg ,thomas.silberhorn@bundestag.de
115,Martin Sichert,AfD,26,Friesland – Wilhelmshaven – Wittmund ,martin.sichert@bundestag.de
116,Lina Seitzl,SPD,287,Konstanz ,lina.seitzl@bundestag.de
117,Nora Seitz,CDU/CSU,161,Chemnitz ,nora.seitz@bundestag.de
118,Dario Seifert,AfD,15,Vorpommern-Rügen – Vorpommern-Greifswald I ,dario.seifert@bundestag.de
119,Detlef Seif,CDU/CSU,91,Euskirchen – Rhein-Erft-Kreis II ,detlef.seif@bundestag.de
120,Stefan Seidler,fraktionslos,1,Flensburg – Schleswig ,stefan.seidler@bundestag.de
121,Evelyn Schötz,Die Linke,245,Roth ,evelyn.schoetz@bundestag.de
122,Marlene Schönberger,BÜNDNIS 90/­DIE GRÜNEN,229,Rottal-Inn ,marlene.schoenberger@bundestag.de
123,Johannes Schätzl,SPD,228,Passau ,johannes.schaetzl@bundestag.de
124,Sebastian Schäfer,BÜNDNIS 90/­DIE GRÜNEN,261,Esslingen ,sebastian.schaefer@bundestag.de
125,Jamila Anna Schäfer,BÜNDNIS 90/­DIE GRÜNEN,218,München-Süd ,jamila.schaefer@bundestag.de
126,Ines Schwerdtner,Die Linke,85,Berlin-Lichtenberg ,ines.schwerdtner@bundestag.de
127,Rita Schwarzelühr-Sutter,SPD,288,Waldshut ,rita.schwarzeluehr-sutter@bundestag.de
128,Andreas Schwarz,SPD,235,Bamberg ,andreas.schwarz@bundestag.de
129,Stefan Schwartze,SPD,132,Herford – Minden-Lübbecke II ,stefan.schwartze@bundestag.de
130,Frank Schwabe,SPD,120,Recklinghausen I ,frank.schwabe@bundestag.de
131,Svenja Schulze,SPD,128,Münster ,svenja.schulze@bundestag.de
132,Uwe Schulz,AfD,,,uwe.schulz@bundestag.de
133,Marvin Schulz,CDU/CSU,76,Berlin-Reinickendorf ,marvin.schulz@bundestag.de
134,Bernd Schuhmann,AfD,249,Schweinfurt ,bernd.schuhmann@bundestag.de
135,Stefan Schröder,AfD,190,Jena – Sömmerda – Weimarer Land I ,stefan.schroeder@bundestag.de
136,Georg Schroeter,AfD,144,Hamm – Unna II ,georg.schroeter@bundestag.de
137,Michael Schrodi,SPD,214,Fürstenfeldbruck ,michael.schrodi@bundestag.de
138,Felix Schreiner,CDU/CSU,288,Waldshut ,felix.schreiner@bundestag.de
139,Johannes Schraps,SPD,46,Hameln-Pyrmont – Holzminden ,johannes.schraps@bundestag.de
140,Olaf Scholz,SPD,61,Potsdam – Potsdam-Mittelmark II – Teltow-Fläming II ,olaf.scholz@bundestag.de
141,Patrick Schnieder,CDU/CSU,201,Bitburg ,patrick.schnieder@bundestag.de
142,Julia Schneider,BÜNDNIS 90/­DIE GRÜNEN,75,Berlin-Pankow ,julia.schneider@bundestag.de
143,Uwe Schmidt,SPD,55,Bremen II – Bremerhaven ,uwe.schmidt@bundestag.de
144,Stefan Schmidt,BÜNDNIS 90/­DIE GRÜNEN,232,Regensburg ,stefan.schmidt@bundestag.de
145,Sebastian Schmidt,CDU/CSU,9,Ostholstein – Stormarn-Nord ,sebastian.schmidt@bundestag.de
146,Paul Schmidt,AfD,,,paul.schmidt@bundestag.de
147,Julian Schmidt,AfD,170,Marburg ,julian.schmidt@bundestag.de
148,Jan Wenzel Schmidt,fraktionslos,67,Börde – Salzlandkreis ,jan-wenzel.schmidt@bundestag.de
149,Henri Schmidt,CDU/CSU,10,Herzogtum Lauenburg – Stormarn-Süd ,henri.schmidt@bundestag.de
150,Dagmar Schmidt,SPD,171,Lahn-Dill ,dagmar.schmidt@bundestag.de
151,Nils Schmid,SPD,262,Nürtingen ,nils.schmid@bundestag.de
152,Christoph Schmid,SPD,253,Donau-Ries ,christoph.schmid@bundestag.de
153,David Schliesing,Die Linke,67,Börde – Salzlandkreis ,david.schliesing@bundestag.de
154,Manfred Schiller,AfD,234,Weiden ,manfred.schiller@bundestag.de
155,Carina Schießl,AfD,232,Regensburg ,carina.schiessl@bundestag.de
156,Lars Schieske,AfD,64,Cottbus – Spree-Neiße ,lars.schieske@bundestag.de
157,Ulrike Schielke-Ziesing,AfD,17,Mecklenburgische Seenplatte II – Landkreis Rostock III ,ulrike.schielke-ziesing@bundestag.de
158,Volker Scheurell,AfD,70,Anhalt – Dessau – Wittenberg ,volker.scheurell@bundestag.de
159,Christiane Schenderlein,CDU/CSU,150,Nordsachsen ,christiane.schenderlein@bundestag.de
160,Raimond Scheirich,AfD,251,Augsburg-Stadt ,raimond.scheirich@bundestag.de
161,Nina Scheer,SPD,10,Herzogtum Lauenburg – Stormarn-Süd ,nina.scheer@bundestag.de
162,Ulle Schauws,BÜNDNIS 90/­DIE GRÜNEN,113,Krefeld II – Wesel II ,ulle.schauws@bundestag.de
163,Bernd Schattner,AfD,210,Südpfalz ,bernd.schattner@bundestag.de
164,Carl-Philipp Sassenrath,CDU/CSU,107,Neuss I ,carl-philipp.sassenrath@bundestag.de
165,Catarina dos Santos-Wintz,CDU/CSU,87,Aachen II ,catarina.dossantos@bundestag.de
166,Zada Salihović,Die Linke,,,zada.salihovic@bundestag.de
167,Kassem Taher Saleh,BÜNDNIS 90/­DIE GRÜNEN,158,Dresden I ,kassem.tahersaleh@bundestag.de
168,Johann Saathoff,SPD,24,Aurich – Emden ,johann.saathoff@bundestag.de
169,Bernd Rützel,SPD,248,Main-Spessart ,bernd.ruetzel@bundestag.de
170,Corinna Rüffer,BÜNDNIS 90/­DIE GRÜNEN,202,Trier ,corinna.rueffer@bundestag.de
171,Thomas Röwekamp,CDU/CSU,54,Bremen I ,thomas.roewekamp@bundestag.de
172,Norbert Röttgen,CDU/CSU,97,Rhein-Sieg-Kreis II ,norbert.roettgen@bundestag.de
173,Albert Rupprecht,CDU/CSU,234,Weiden ,albert.rupprecht@bundestag.de
174,Ruben Rupp,AfD,269,Backnang – Schwäbisch Gmünd ,ruben.rupp@bundestag.de
175,Daniela Rump,SPD,48,Hildesheim ,daniela.rump@bundestag.de
176,Angela Rudzka,AfD,49,Salzgitter – Wolfenbüttel ,angela.rudzka@bundestag.de
177,Thorsten Rudolph,SPD,198,Koblenz ,thorsten.rudolph@bundestag.de
178,Stefan Rouenhoff,CDU/CSU,111,Kleve ,stefan.rouenhoff@bundestag.de
179,Philipp Rottwilm,SPD,169,Schwalm-Eder ,philipp.rottwilm@bundestag.de
180,Rainer Rothfuß,AfD,256,Oberallgäu ,rainer.rothfuss@bundestag.de
181,Johannes Rothenberger,CDU/CSU,284,Offenburg ,johannes.rothenberger@bundestag.de
182,Claudia Roth,BÜNDNIS 90/­DIE GRÜNEN,251,Augsburg-Stadt ,claudia.roth@bundestag.de
183,Sebastian Roloff,SPD,218,München-Süd ,sebastian.roloff@bundestag.de
184,Lars Rohwer,CDU/CSU,159,Dresden II – Bautzen II ,lars.rohwer@bundestag.de
185,Dennis Rohde,SPD,27,Oldenburg – Ammerland ,dennis.rohde@bundestag.de
186,Daniel Rinkert,SPD,107,Neuss I ,daniel.rinkert@bundestag.de
187,Sylvia Rietenberg,BÜNDNIS 90/­DIE GRÜNEN,128,Münster ,sylvia.rietenberg@bundestag.de
188,Matthias Rentzsch,AfD,159,Dresden II – Bautzen II ,matthias.rentzsch@bundestag.de
189,Martin Erwin Renner,AfD,103,Mettmann I ,martin.renner@bundestag.de
190,Lea Reisner,Die Linke,93,Köln II ,lea.reisner@bundestag.de
191,Anja Reinalter,BÜNDNIS 90/­DIE GRÜNEN,292,Biberach ,anja.reinalter@bundestag.de
192,Heidi Reichinnek,Die Linke,39,Stadt Osnabrück ,heidi.reichinnek@bundestag.de
193,Markus Reichel,CDU/CSU,158,Dresden I ,markus.reichel@bundestag.de
194,Truels Reichardt,SPD,2,Nordfriesland – Dithmarschen Nord ,truels.reichardt@bundestag.de
195,Martin Reichardt,AfD,72,Burgenland – Saalekreis ,martin.reichardt@bundestag.de
196,Lukas Rehm,AfD,215,Ingolstadt ,lukas.rehm@bundestag.de
197,Henning Rehbaum,CDU/CSU,129,Warendorf ,henning.rehbaum@bundestag.de
198,Pascal Reddig,CDU/CSU,179,Hanau ,pascal.reddig@bundestag.de
199,Christian Reck,AfD,154,Meißen ,christian.reck@bundestag.de
200,Arne Onni Raue,AfD,60,Brandenburg an der Havel – Potsdam-Mittelmark I – Havelland III – Teltow-Fläming I ,arne.raue@bundestag.de
201,Bodo Ramelow,Die Linke,192,Erfurt – Weimar – Weimarer Land II ,bodo.ramelow@bundestag.de
202,Alois Rainer,CDU/CSU,230,Straubing ,alois.rainer@bundestag.de
203,Alexander Radwan,CDU/CSU,222,Bad Tölz-Wolfratshausen – Miesbach ,alexander.radwan@bundestag.de
204,Kerstin Radomski,CDU/CSU,113,Krefeld II – Wesel II ,kerstin.radomski@bundestag.de
205,Thomas Rachel,CDU/CSU,89,Düren ,thomas.rachel@bundestag.de
206,Martin Rabanus,SPD,177,Rheingau-Taunus – Limburg ,martin.rabanus@bundestag.de
207,Marcel Queckemeyer,AfD,38,Osnabrück-Land ,marcel.queckemeyer@bundestag.de
208,Oliver Pöpsel,CDU/CSU,145,Soest ,oliver.poepsel@bundestag.de
209,Kerstin Przygodda,AfD,11,Lübeck ,kerstin.przygodda@bundestag.de
210,Stephan Protschka,AfD,229,Rottal-Inn ,stephan.protschka@bundestag.de
211,David Preisendanz,CDU/CSU,261,Esslingen ,david.preisendanz@bundestag.de
212,Sabine Poschmann,SPD,142,Dortmund II ,sabine.poschmann@bundestag.de
213,Filiz Polat,BÜNDNIS 90/­DIE GRÜNEN,38,Osnabrück-Land ,filiz.polat@bundestag.de
214,Jan-Wilhelm Pohlmann,CDU/CSU,166,Waldeck ,jan-wilhelm.pohlmann@bundestag.de
215,Martin Plum,CDU/CSU,110,Viersen ,martin.plum@bundestag.de
216,Christoph Ploß,CDU/CSU,21,Hamburg-Nord ,christoph.ploss@bundestag.de
217,Boris Pistorius,SPD,42,Stadt Hannover II ,boris.pistorius@bundestag.de
218,Stephan Pilsinger,CDU/CSU,219,München-West/Mitte ,stephan.pilsinger@bundestag.de
219,Paula Piechotta,BÜNDNIS 90/­DIE GRÜNEN,152,Leipzig II ,paula.piechotta@bundestag.de
220,Tobias Matthias Peterka,AfD,236,Bayreuth ,tobias.peterka@bundestag.de
221,Sören Pellmann,Die Linke,152,Leipzig II ,soeren.pellmann@bundestag.de
222,Jens Peick,SPD,141,Dortmund I ,jens.peick@bundestag.de
223,Natalie Pawlik,SPD,176,Wetterau I ,natalie.pawlik@bundestag.de
224,Lisa Paus,BÜNDNIS 90/­DIE GRÜNEN,79,Berlin-Charlottenburg-Wilmersdorf ,lisa.paus@bundestag.de
225,Thomas Pauls,CDU/CSU,176,Wetterau I ,thomas.pauls@bundestag.de
226,Denis Pauli,AfD,,,denis.pauli@bundestag.de
227,Andreas Paul,AfD,27,Oldenburg – Ammerland ,andreas.paul@bundestag.de
228,Luigi Pantisano,Die Linke,258,Stuttgart I ,luigi.pantisano@bundestag.de
229,Christos Pantazis,SPD,50,Braunschweig ,christos.pantazis@bundestag.de
230,Florian Oßner,CDU/CSU,227,Landshut ,florian.ossner@bundestag.de
231,Gerold Otten,AfD,220,München-Land ,gerold.otten@bundestag.de
232,Karoline Otte,BÜNDNIS 90/­DIE GRÜNEN,52,Goslar – Northeim – Göttingen II ,karo.otte@bundestag.de
233,Josef Oster,CDU/CSU,198,Koblenz ,josef.oster@bundestag.de
234,Josephine Ortleb,SPD,296,Saarbrücken ,josephine.ortleb@bundestag.de
235,Harald Orthey,CDU/CSU,203,Montabaur ,harald.orthey@bundestag.de
236,Florian Oest,CDU/CSU,156,Görlitz ,florian.oest@bundestag.de
237,Wilfried Oellers,CDU/CSU,88,Heinsberg ,wilfried.oellers@bundestag.de
238,Omid Nouripour,BÜNDNIS 90/­DIE GRÜNEN,182,Frankfurt am Main II ,omid.nouripour@bundestag.de
239,Konstantin von Notz,BÜNDNIS 90/­DIE GRÜNEN,10,Herzogtum Lauenburg – Stormarn-Süd ,konstantin.notz@bundestag.de
240,Jan Ralf Nolte,AfD,166,Waldeck ,jan.nolte@bundestag.de
241,Iris Nieland,AfD,209,Pirmasens ,iris.nieland@bundestag.de
242,Ophelia Nick,BÜNDNIS 90/­DIE GRÜNEN,104,Mettmann II ,ophelia.nick@bundestag.de
243,Charlotte Neuhäuser,Die Linke,136,Paderborn ,charlotte.neuhaeuser@bundestag.de
244,Edgar Naujok,AfD,153,Leipzig-Land ,edgar.naujok@bundestag.de
245,Rasha Nasr,SPD,158,Dresden I ,rasha.nasr@bundestag.de
246,Sara Nanni,BÜNDNIS 90/­DIE GRÜNEN,106,Düsseldorf II ,sara.nanni@bundestag.de
247,Stefan Nacke,CDU/CSU,128,Münster ,stefan.nacke@bundestag.de
248,Rolf Mützenich,SPD,94,Köln III ,rolf.muetzenich@bundestag.de
249,Sebastian Münzenmaier,AfD,208,Kaiserslautern ,sebastian.muenzenmaier@bundestag.de
250,Sepp Müller,CDU/CSU,70,Anhalt – Dessau – Wittenberg ,sepp.mueller@bundestag.de
251,Sascha Müller,BÜNDNIS 90/­DIE GRÜNEN,244,Nürnberg-Süd ,sascha.mueller@bundestag.de
252,Florian Müller,CDU/CSU,148,Olpe – Märkischer Kreis I ,florian.mueller@bundestag.de
253,Claudia Müller,BÜNDNIS 90/­DIE GRÜNEN,15,Vorpommern-Rügen – Vorpommern-Greifswald I ,claudia.mueller@bundestag.de
254,Carsten Müller,CDU/CSU,50,Braunschweig ,carsten.mueller@bundestag.de
255,Axel Müller,CDU/CSU,294,Ravensburg ,axel.mueller@bundestag.de
256,Stefan Möller,AfD,189,Eisenach – Wartburgkreis – Unstrut-Hainich-Kreis ,stefan.moeller@bundestag.de
257,Siemtje Möller,SPD,26,Friesland – Wilhelmshaven – Wittmund ,siemtje.moeller@bundestag.de
258,Christian Moser,CDU/CSU,213,Freising ,christian.moser@bundestag.de
259,Matthias Moosdorf,AfD,164,Zwickau ,matthias.moosdorf@bundestag.de
260,Claudia Moll,SPD,87,Aachen II ,claudia.moll@bundestag.de
261,Reinhard Mixl,AfD,233,Schwandorf ,reinhard.mixl@bundestag.de
262,Sahra Mirow,Die Linke,274,Heidelberg ,sahra.mirow@bundestag.de
263,Sergej Minich,AfD,54,Bremen I ,sergej.minich@bundestag.de
264,Boris Mijatović,BÜNDNIS 90/­DIE GRÜNEN,167,Kassel ,boris.mijatovic@bundestag.de
265,Irene Mihalic,BÜNDNIS 90/­DIE GRÜNEN,122,Gelsenkirchen ,irene.mihalic@bundestag.de
266,Matthias Mieves,SPD,208,Kaiserslautern ,matthias.mieves@bundestag.de
267,Matthias Miersch,SPD,47,Hannover-Land II ,matthias.miersch@bundestag.de
268,Mathias Middelberg,CDU/CSU,39,Stadt Osnabrück ,mathias.middelberg@bundestag.de
269,Kathrin Michel,SPD,155,Bautzen I ,kathrin.michel@bundestag.de
270,Swantje Michaelsen,BÜNDNIS 90/­DIE GRÜNEN,42,Stadt Hannover II ,swantje.michaelsen@bundestag.de
271,Knuth Meyer-Soltau,AfD,139,Bochum I ,knuth.meyer-soltau@bundestag.de
272,Jan Metzler,CDU/CSU,205,Worms ,jan.metzler@bundestag.de
273,Friedrich Merz,CDU/CSU,146,Hochsauerlandkreis ,friedrich.merz@bundestag.de
274,Stella Merendino,Die Linke,74,Berlin-Mitte ,stella.merendino@bundestag.de
275,Michael Meister,CDU/CSU,187,Bergstraße ,michael.meister@bundestag.de
276,Pascal Meiser,Die Linke,82,Berlin-Friedrichshain-Kreuzberg – Prenzlauer Berg Ost ,pascal.meiser@bundestag.de
277,Danny Meiners,AfD,31,Mittelems ,danny.meiners@bundestag.de
278,Tamara Mazzi,Die Linke,5,Kiel ,tamara.mazzi@bundestag.de
279,Volker Mayer-Lay,CDU/CSU,293,Bodensee ,volker.mayer-lay@bundestag.de
280,Zoe Mayer,BÜNDNIS 90/­DIE GRÜNEN,271,Karlsruhe-Stadt ,zoe.mayer@bundestag.de
281,Stephan Mayer,CDU/CSU,211,Altötting ,stephan.mayer@bundestag.de
282,Andreas Mayer,AfD,253,Donau-Ries ,andreas.mayer@bundestag.de
283,Markus Matzerath,AfD,,,markus.matzerath@bundestag.de
284,Andreas Mattfeldt,CDU/CSU,34,Osterholz – Verden ,andreas.mattfeldt@bundestag.de
285,Katja Mast,SPD,279,Pforzheim ,katja.mast@bundestag.de
286,Parsa Marvi,SPD,271,Karlsruhe-Stadt ,parsa.marvi@bundestag.de
287,Johann Martel,AfD,276,Odenwald – Tauber ,johann.martel@bundestag.de
288,Holger Mann,SPD,151,Leipzig I ,holger.mann@bundestag.de
289,Isabel Mackensen-Geis,SPD,207,Neustadt – Speyer ,isabel.mackensen-geis@bundestag.de
290,Klaus Mack,CDU/CSU,280,Calw ,klaus.mack@bundestag.de
291,Tanja Machalet,SPD,203,Montabaur ,tanja.machalet@bundestag.de
292,Sebastian Maack,AfD,76,Berlin-Reinickendorf ,sebastian.maack@bundestag.de
293,Anna Lührmann,BÜNDNIS 90/­DIE GRÜNEN,180,Main-Taunus ,anna.luehrmann@bundestag.de
294,Bettina Lugk,SPD,149,Märkischer Kreis II ,bettina.lugk@bundestag.de
295,Saskia Ludwig,CDU/CSU,60,Brandenburg an der Havel – Potsdam-Mittelmark I – Havelland III – Teltow-Fläming I ,saskia.ludwig@bundestag.de
296,Daniela Ludwig,CDU/CSU,221,Rosenheim ,daniela.ludwig@bundestag.de
297,Jan-Marco Luczak,CDU/CSU,80,Berlin-Tempelhof-Schöneberg ,jan-marco.luczak@bundestag.de
298,Max Lucks,BÜNDNIS 90/­DIE GRÜNEN,139,Bochum I ,max.lucks@bundestag.de
299,Rüdiger Lucassen,AfD,91,Euskirchen – Rhein-Erft-Kreis II ,ruediger.lucassen@bundestag.de
300,Denise Loop,BÜNDNIS 90/­DIE GRÜNEN,2,Nordfriesland – Dithmarschen Nord ,denise.loop@bundestag.de
301,Patricia Lips,CDU/CSU,186,Odenwald ,patricia.lips@bundestag.de
302,Carsten Linnemann,CDU/CSU,136,Paderborn ,carsten.linnemann@bundestag.de
303,Andrea Lindholz,CDU/CSU,246,Aschaffenburg ,andrea.lindholz@bundestag.de
304,Helge Lindh,SPD,101,Wuppertal I ,helge.lindh@bundestag.de
305,Helge Limburg,BÜNDNIS 90/­DIE GRÜNEN,46,Hameln-Pyrmont – Holzminden ,helge.limburg@bundestag.de
306,Esra Limbacher,SPD,299,Homburg ,esra.limbacher@bundestag.de
307,Andreas Lenz,CDU/CSU,212,Erding – Ebersberg ,andreas.lenz@bundestag.de
308,Sascha Lensing,AfD,115,Duisburg II ,sascha.lensing@bundestag.de
309,Rebecca Lenhard,BÜNDNIS 90/­DIE GRÜNEN,243,Nürnberg-Nord ,rebecca.lenhard@bundestag.de
310,Steffi Lemke,BÜNDNIS 90/­DIE GRÜNEN,70,Anhalt – Dessau – Wittenberg ,steffi.lemke@bundestag.de
311,Sonja Lemke,Die Linke,142,Dortmund II ,sonja.lemke@bundestag.de
312,Sven Lehmann,BÜNDNIS 90/­DIE GRÜNEN,93,Köln II ,sven.lehmann@bundestag.de
313,Jens Lehmann,CDU/CSU,151,Leipzig I ,jens.lehmann@bundestag.de
314,Caren Lay,Die Linke,155,Bautzen I ,caren.lay@bundestag.de
315,Karl Lauterbach,SPD,100,Leverkusen – Köln IV ,karl.lauterbach@bundestag.de
316,Silke Launert,CDU/CSU,236,Bayreuth ,silke.launert@bundestag.de
317,Ina Latendorf,Die Linke,12,Schwerin – Ludwigslust-Parchim I – Nordwestmecklenburg I ,ina.latendorf@bundestag.de
318,Armin Laschet,CDU/CSU,86,Aachen I ,armin.laschet@bundestag.de
319,Ulrich Lange,CDU/CSU,253,Donau-Ries ,ulrich.lange@bundestag.de
320,Ricarda Lang,BÜNDNIS 90/­DIE GRÜNEN,269,Backnang – Schwäbisch Gmünd ,ricarda.lang@bundestag.de
321,Pierre Lamely,AfD,173,Fulda ,pierre.lamely@bundestag.de
322,Thomas Ladzinski,AfD,158,Dresden I ,thomas.ladzinski@bundestag.de
323,Anna Leonore Labitzke Rathert,AfD,120,Recklinghausen I ,anna.rathert@bundestag.de
324,Jan Köstering,Die Linke,98,Oberbergischer Kreis ,jan.koestering@bundestag.de
325,Konrad Körner,CDU/CSU,241,Erlangen ,konrad.koerner@bundestag.de
326,Carsten Körber,CDU/CSU,164,Zwickau ,carsten.koerber@bundestag.de
327,Jörn König,AfD,41,Stadt Hannover I ,joern.koenig@bundestag.de
328,Anne König,CDU/CSU,125,Borken II ,anne.koenig@bundestag.de
329,Daniel Kölbl,CDU/CSU,7,Pinneberg ,daniel.koelbl@bundestag.de
330,Cansın Köktürk,Die Linke,139,Bochum I ,cansin.koektuerk@bundestag.de
331,Achim Köhler,AfD,277,Rhein-Neckar ,achim.koehler@bundestag.de
332,Jürgen Kögel,AfD,267,Heilbronn ,juergen.koegel@bundestag.de
333,Tilman Kuban,CDU/CSU,47,Hannover-Land II ,tilman.kuban@bundestag.de
334,Martin Kröber,SPD,69,Magdeburg ,martin.kroeber@bundestag.de
335,Günter Krings,CDU/CSU,108,Mönchengladbach ,guenter.krings@bundestag.de
336,Lukas Krieger,CDU/CSU,79,Berlin-Charlottenburg-Wilmersdorf ,lukas.krieger@bundestag.de
337,Gunther Krichbaum,CDU/CSU,279,Pforzheim ,gunther.krichbaum@bundestag.de
338,Dunja Kreiser,SPD,49,Salzgitter – Wolfenbüttel ,dunja.kreiser@bundestag.de
339,Manuel Johannes Krauthausen,AfD,,,manuel.krauthausen@bundestag.de
340,Anette Kramme,SPD,236,Bayreuth ,anette.kramme@bundestag.de
341,Maximilian Krah,AfD,162,Chemnitzer Umland – Erzgebirgskreis II ,maximilian.krah@bundestag.de
342,Rainer Kraft,AfD,,,rainer.kraft@bundestag.de
343,Ferat Koçak,Die Linke,81,Berlin-Neukölln ,ferat.kocak@bundestag.de
344,Steffen Kotré,AfD,62,Dahme-Spreewald – Teltow-Fläming III ,steffen.kotre@bundestag.de
345,Thomas Korell,AfD,66,Altmark – Jerichower Land ,thomas.korell@bundestag.de
346,Stefan Korbach,CDU/CSU,178,Wiesbaden ,stefan.korbach@bundestag.de
347,Chantal Kopf,BÜNDNIS 90/­DIE GRÜNEN,281,Freiburg ,chantal.kopf@bundestag.de
348,Markus Koob,CDU/CSU,175,Hochtaunus ,markus.koob@bundestag.de
349,Enrico Komning,AfD,16,Mecklenburgische Seenplatte I – Vorpommern-Greifswald II ,enrico.komning@bundestag.de
350,Hans Koller,CDU/CSU,228,Passau ,hans.koller@bundestag.de
351,Bärbel Kofler,SPD,224,Traunstein ,baerbel.kofler@bundestag.de
352,Heinrich Koch,AfD,275,Mannheim ,heinrich.koch@bundestag.de
353,Axel Knoerig,CDU/CSU,33,Diepholz – Nienburg I ,axel.knoerig@bundestag.de
354,Sieghard Knodel,fraktionslos,,,sieghard.knodel@bundestag.de
355,Maximilian Kneller,AfD,131,Bielefeld – Gütersloh II ,maximilian.kneller@bundestag.de
356,Tim Klüssendorf,SPD,11,Lübeck ,tim.kluessendorf@bundestag.de
357,Julia Klöckner,CDU/CSU,200,Kreuznach ,julia.kloeckner@bundestag.de
358,Annika Klose,SPD,74,Berlin-Mitte ,annika.klose@bundestag.de
359,Lars Klingbeil,SPD,35,Rotenburg I – Heidekreis ,lars.klingbeil@bundestag.de
360,Kurt Klaus Kleinschmidt,AfD,2,Nordfriesland – Dithmarschen Nord ,kurt.kleinschmidt@bundestag.de
361,Ottilie Klein,CDU/CSU,81,Berlin-Neukölln ,ottilie.klein@bundestag.de
362,Helmut Kleebank,SPD,77,Berlin-Spandau – Charlottenburg Nord ,helmut.kleebank@bundestag.de
363,Georg Kippels,CDU/CSU,90,Rhein-Erft-Kreis I ,georg.kippels@bundestag.de
364,Michael Kießling,CDU/CSU,223,Starnberg – Landsberg am Lech ,michael.kiessling@bundestag.de
365,Roderich Kiesewetter,CDU/CSU,270,Aalen – Heidenheim ,roderich.kiesewetter@bundestag.de
366,Misbah Khan,BÜNDNIS 90/­DIE GRÜNEN,207,Neustadt – Speyer ,misbah.khan@bundestag.de
367,Rocco Kever,AfD,40,Nienburg II – Schaumburg ,rocco.kever@bundestag.de
368,Stefan Keuter,AfD,119,Essen III ,stefan.keuter@bundestag.de
369,Franziska Kersten,SPD,67,Börde – Salzlandkreis ,franziska.kersten@bundestag.de
370,Martina Kempf,AfD,281,Freiburg ,martina.kempf@bundestag.de
371,Michael Kellner,BÜNDNIS 90/­DIE GRÜNEN,57,Uckermark – Barnim I ,michael.kellner@bundestag.de
372,Michael Kaufmann,AfD,194,Saalfeld-Rudolstadt – Saale-Holzland-Kreis – Saale-Orla-Kreis ,michael.kaufmann@bundestag.de
373,Malte Kaufmann,AfD,274,Heidelberg ,malte.kaufmann@bundestag.de
374,Anja Karliczek,CDU/CSU,127,Steinfurt III ,anja.karliczek@bundestag.de
375,Macit Karaahmetoğlu,SPD,265,Ludwigsburg ,macit.karaahmetoglu@bundestag.de
376,Kirsten Kappert-Gonther,BÜNDNIS 90/­DIE GRÜNEN,54,Bremen I ,kirsten.kappert-gonther@bundestag.de
377,Nicklas Kappe,CDU/CSU,124,Bottrop – Recklinghausen III ,nicklas.kappe@bundestag.de
378,Maren Kaminski,Die Linke,42,Stadt Hannover II ,maren.kaminski@bundestag.de
379,Elisabeth Kaiser,SPD,193,Gera – Greiz – Altenburger Land ,elisabeth.kaiser@bundestag.de
380,Lamya Kaddor,BÜNDNIS 90/­DIE GRÜNEN,114,Duisburg I ,lamya.kaddor@bundestag.de
381,Oliver Kaczmarek,SPD,143,Unna I ,oliver.kaczmarek@bundestag.de
382,Robin Jünger,AfD,172,Gießen ,robin.juenger@bundestag.de
383,Frank Junge,SPD,13,Ludwigslust-Parchim II – Nordwestmecklenburg II – Landkreis Rostock I ,frank.junge@bundestag.de
384,Julian Joswig,BÜNDNIS 90/­DIE GRÜNEN,199,Mosel/Rhein-Hunsrück ,julian.joswig@bundestag.de
385,Alexander Jordan,CDU/CSU,51,Helmstedt – Wolfsburg ,alexander.jordan@bundestag.de
386,Thomas Jarzombek,CDU/CSU,105,Düsseldorf I ,thomas.jarzombek@bundestag.de
387,Anne Janssen,CDU/CSU,26,Friesland – Wilhelmshaven – Wittmund ,anne.janssen@bundestag.de
388,Steffen Janich,AfD,157,Sächsische Schweiz-Osterzgebirge ,steffen.janich@bundestag.de
389,Fabian Jacobi,AfD,92,Köln I ,fabian.jacobi@bundestag.de
390,Cem Ince,Die Linke,49,Salzgitter – Wolfenbüttel ,cem.ince@bundestag.de
391,Nicole Höchst,AfD,200,Kreuznach ,nicole.hoechst@bundestag.de
392,Gerrit Huy,AfD,225,Weilheim ,gerrit.huy@bundestag.de
393,Verena Hubertz,SPD,202,Trier ,verena.hubertz@bundestag.de
394,Luke Hoß,Die Linke,228,Passau ,luke.hoss@bundestag.de
395,Jasmina Hostert,SPD,260,Böblingen ,jasmina.hostert@bundestag.de
396,Michael Hose,CDU/CSU,192,Erfurt – Weimar – Weimarer Land II ,michael.hose@bundestag.de
397,Franziska Hoppermann,CDU/CSU,22,Hamburg-Wandsbek ,franziska.hoppermann@bundestag.de
398,Hendrik Hoppenstedt,CDU/CSU,43,Hannover-Land I ,hendrik.hoppenstedt@bundestag.de
399,Leif-Erik Holm,AfD,12,Schwerin – Ludwigslust-Parchim I – Nordwestmecklenburg I ,leif-erik.holm@bundestag.de
400,Anton Hofreiter,BÜNDNIS 90/­DIE GRÜNEN,220,München-Land ,anton.hofreiter@bundestag.de
401,Philip Hoffmann,CDU/CSU,297,Saarlouis ,philip.hoffmann@bundestag.de
402,Alexander Hoffmann,CDU/CSU,248,Main-Spessart ,alexander.hoffmann@bundestag.de
403,Christian Hirte,CDU/CSU,189,Eisenach – Wartburgkreis – Unstrut-Hainich-Kreis ,christian.hirte@bundestag.de
404,Karsten Hilse,AfD,155,Bautzen I ,karsten.hilse@bundestag.de
405,Olaf Hilmer,AfD,,,olaf.hilmer@bundestag.de
406,Matthias Hiller,CDU/CSU,262,Nürtingen ,matthias.hiller@bundestag.de
407,Susanne Hierl,CDU/CSU,231,Amberg ,susanne.hierl@bundestag.de
408,Moritz Heuberger,BÜNDNIS 90/­DIE GRÜNEN,80,Berlin-Tempelhof-Schöneberg ,moritz.heuberger@bundestag.de
409,Heike Heubach,SPD,252,Augsburg-Land ,heike.heubach@bundestag.de
410,Nicole Hess,AfD,,,nicole.hess@bundestag.de
411,Martin Hess,AfD,265,Ludwigsburg ,martin.hess@bundestag.de
412,Nadine Heselhaus,SPD,125,Borken II ,nadine.heselhaus@bundestag.de
413,Mareike Hermeier,Die Linke,123,Steinfurt I – Borken I ,mareike.hermeier@bundestag.de
414,Diana Herbstreuth,CDU/CSU,194,Saalfeld-Rudolstadt – Saale-Holzland-Kreis – Saale-Orla-Kreis ,diana.herbstreuth@bundestag.de
415,Stefan Henze,AfD,47,Hannover-Land II ,stefan.henze@bundestag.de
416,Marc Henrichmann,CDU/CSU,126,Coesfeld – Steinfurt II ,marc.henrichmann@bundestag.de
417,Udo Hemmelgarn,AfD,134,Lippe I ,udo.hemmelgarn@bundestag.de
418,Mark Helfrich,CDU/CSU,3,Steinburg – Dithmarschen Süd ,mark.helfrich@bundestag.de
419,Matthias Helferich,AfD,142,Dortmund II ,matthias.helferich@bundestag.de
420,Linda Heitmann,BÜNDNIS 90/­DIE GRÜNEN,19,Hamburg-Altona ,linda.heitmann@bundestag.de
421,Gabriela Heinrich,SPD,243,Nürnberg-Nord ,gabriela.heinrich@bundestag.de
422,Frauke Heiligenstadt,SPD,52,Goslar – Northeim – Göttingen II ,frauke.heiligenstadt@bundestag.de
423,Hubertus Heil,SPD,45,Gifhorn – Peine ,hubertus.heil@bundestag.de
424,Mechthild Heil,CDU/CSU,197,Ahrweiler ,mechthild.heil@bundestag.de
425,Britta Haßelmann,BÜNDNIS 90/­DIE GRÜNEN,131,Bielefeld – Gütersloh II ,britta.hasselmann@bundestag.de
426,Jochen Haug,AfD,94,Köln III ,jochen.haug@bundestag.de
427,Matthias Hauer,CDU/CSU,119,Essen III ,matthias.hauer@bundestag.de
428,Sebastian Hartmann,SPD,96,Rhein-Sieg-Kreis I ,sebastian.hartmann@bundestag.de
429,Jürgen Hardt,CDU/CSU,102,Solingen – Remscheid – Wuppertal II ,juergen.hardt@bundestag.de
430,Mirco Hanker,AfD,50,Braunschweig ,mirco.hanker@bundestag.de
431,Metin Hakverdi,SPD,23,Hamburg-Bergedorf – Harburg ,metin.hakverdi@bundestag.de
432,Lars Haise,AfD,264,Waiblingen ,lars.haise@bundestag.de
433,Heiko Hain,CDU/CSU,238,Hof ,heiko.hain@bundestag.de
434,Ingo Hahn,AfD,222,Bad Tölz-Wolfratshausen – Miesbach ,ingo.hahn@bundestag.de
435,Florian Hahn,CDU/CSU,220,München-Land ,florian.hahn@bundestag.de
436,Bettina Hagedorn,SPD,9,Ostholstein – Stormarn-Nord ,bettina.hagedorn@bundestag.de
437,Christian Haase,CDU/CSU,135,Höxter – Gütersloh III – Lippe II ,christian.haase@bundestag.de
438,Ates Gürpinar,Die Linke,221,Rosenheim ,ates.guerpinar@bundestag.de
439,Fritz Güntzler,CDU/CSU,53,Göttingen I ,fritz.guentzler@bundestag.de
440,Georg Günther,CDU/CSU,15,Vorpommern-Rügen – Vorpommern-Greifswald I ,georg.guenther@bundestag.de
441,Serap Güler,CDU/CSU,92,Köln I ,serap.gueler@bundestag.de
442,Christian Görke,Die Linke,64,Cottbus – Spree-Neiße ,christian.goerke@bundestag.de
443,Katrin Göring-Eckardt,BÜNDNIS 90/­DIE GRÜNEN,192,Erfurt – Weimar – Weimarer Land II ,katrin.goering-eckardt@bundestag.de
444,Gregor Gysi,Die Linke,83,Berlin-Treptow-Köpenick ,gregor.gysi@bundestag.de
445,Olav Gutting,CDU/CSU,278,Bruchsal – Schwetzingen ,olav.gutting@bundestag.de
446,Lena Gumnior,BÜNDNIS 90/­DIE GRÜNEN,34,Osterholz – Verden ,lena.gumnior@bundestag.de
447,Inge Gräßle,CDU/CSU,269,Backnang – Schwäbisch Gmünd ,inge.graessle@bundestag.de
448,Rainer Gross,AfD,,,rainer.gross@bundestag.de
449,Christoph Grimm,AfD,13,Ludwigslust-Parchim II – Nordwestmecklenburg II – Landkreis Rostock I ,christoph.grimm@bundestag.de
450,Kerstin Griese,SPD,104,Mettmann II ,kerstin.griese@bundestag.de
451,David Gregosz,CDU/CSU,188,Eichsfeld – Nordhausen – Kyffhäuserkreis ,david.gregosz@bundestag.de
452,Armin Grau,BÜNDNIS 90/­DIE GRÜNEN,206,Ludwigshafen/Frankenthal ,armin.grau@bundestag.de
453,Adrian Grasse,CDU/CSU,78,Berlin-Steglitz-Zehlendorf ,adrian.grasse@bundestag.de
454,Fabian Gramling,CDU/CSU,266,Neckar-Zaber ,fabian.gramling@bundestag.de
455,Hans-Jürgen Goßner,AfD,263,Göppingen ,hans-juergen.gossner@bundestag.de
456,Kay Gottschalk,AfD,110,Viersen ,kay.gottschalk@bundestag.de
457,Nicole Gohlke,Die Linke,219,München-West/Mitte ,nicole.gohlke@bundestag.de
458,Hannes Gnauck,AfD,57,Uckermark – Barnim I ,hannes.gnauck@bundestag.de
459,Angelika Glöckner,SPD,209,Pirmasens ,angelika.gloeckner@bundestag.de
460,Ronald Gläser,AfD,75,Berlin-Pankow ,ronald.glaeser@bundestag.de
461,Vinzenz Glaser,Die Linke,281,Freiburg ,vinzenz.glaser@bundestag.de
462,Jan-Niclas Gesenhues,BÜNDNIS 90/­DIE GRÜNEN,127,Steinfurt III ,jan-niclas.gesenhues@bundestag.de
463,Martin Gerster,SPD,292,Biberach ,martin.gerster@bundestag.de
464,Katalin Gennburg,Die Linke,84,Berlin-Marzahn-Hellersdorf ,katalin.gennburg@bundestag.de
465,Jonas Geissler,CDU/CSU,237,Coburg ,jonas.geissler@bundestag.de
466,Thomas Gebhart,CDU/CSU,210,Südpfalz ,thomas.gebhart@bundestag.de
467,Wilhelm Gebhard,CDU/CSU,168,Werra-Meißner – Hersfeld-Rotenburg ,wilhelm.gebhard@bundestag.de
468,Kathrin Gebel,Die Linke,128,Münster ,kathrin.gebel@bundestag.de
469,Alexander Gauland,AfD,161,Chemnitz ,alexander.gauland@bundestag.de
470,Matthias Gastel,BÜNDNIS 90/­DIE GRÜNEN,262,Nürtingen ,matthias.gastel@bundestag.de
471,Schahina Gambir,BÜNDNIS 90/­DIE GRÜNEN,133,Minden-Lübbecke I ,schahina.gambir@bundestag.de
472,Boris Gamanov,AfD,296,Saarbrücken ,boris.gamanov@bundestag.de
473,Rainer Galla,AfD,63,Frankfurt ,rainer.galla@bundestag.de
474,Hermann Färber,CDU/CSU,263,Göppingen ,hermann.faerber@bundestag.de
475,Götz Frömming,AfD,56,Prignitz – Ostprignitz-Ruppin – Havelland I ,goetz.froemming@bundestag.de
476,Markus Frohnmaier,AfD,260,Böblingen ,markus.frohnmaier@bundestag.de
477,Michael Frieser,CDU/CSU,244,Nürnberg-Süd ,michael.frieser@bundestag.de
478,Thorsten Frei,CDU/CSU,286,Schwarzwald-Baar ,thorsten.frei@bundestag.de
479,Christoph Frauenpreiß,CDU/CSU,29,Cuxhaven – Stade II ,christoph.frauenpreiss@bundestag.de
480,Simone Fischer,BÜNDNIS 90/­DIE GRÜNEN,258,Stuttgart I ,simone.fischer@bundestag.de
481,Hauke Finger,AfD,113,Krefeld II – Wesel II ,hauke.finger@bundestag.de
482,Sebastian Fiedler,SPD,117,Mülheim – Essen I ,sebastian.fiedler@bundestag.de
483,Katrin Fey,Die Linke,147,Siegen-Wittgenstein ,katrin.fey@bundestag.de
484,Thomas Fetsch,AfD,187,Bergstraße ,thomas.fetsch@bundestag.de
485,Jan Feser,AfD,177,Rheingau-Taunus – Limburg ,jan.feser@bundestag.de
486,Peter Felser,AfD,,,peter.felser@bundestag.de
487,Uwe Feiler,CDU/CSU,58,Oberhavel – Havelland II ,uwe.feiler@bundestag.de
488,Micha Fehre,AfD,42,Stadt Hannover II ,micha.fehre@bundestag.de
489,Johannes Fechner,SPD,283,Emmendingen – Lahr ,johannes.fechner@bundestag.de
490,Fabian Fahl,Die Linke,86,Aachen I ,fabian.fahl@bundestag.de
491,Nancy Faeser,SPD,180,Main-Taunus ,nancy.faeser@bundestag.de
492,Michael Espendiller,AfD,125,Borken II ,michael.espendiller@bundestag.de
493,Saskia Esken,SPD,280,Calw ,saskia.esken@bundestag.de
494,Wiebke Esdar,SPD,131,Bielefeld – Gütersloh II ,wiebke.esdar@bundestag.de
495,Bastian Alfons Ernst,CDU/CSU,28,Delmenhorst – Wesermarsch – Oldenburg-Land ,bastian.ernst@bundestag.de
496,Thomas Erndl,CDU/CSU,226,Deggendorf ,thomas.erndl@bundestag.de
497,Martina Englhardt-Kopf,CDU/CSU,233,Schwandorf ,martina.englhardt-kopf@bundestag.de
498,Alexander Engelhard,CDU/CSU,254,Neu-Ulm ,alexander.engelhard@bundestag.de
499,Marcel Emmerich,BÜNDNIS 90/­DIE GRÜNEN,291,Ulm ,marcel.emmerich@bundestag.de
500,Mandy Eißing,Die Linke,194,Saalfeld-Rudolstadt – Saale-Holzland-Kreis – Saale-Orla-Kreis ,mandy.eissing@bundestag.de
501,Sonja Eichwede,SPD,60,Brandenburg an der Havel – Potsdam-Mittelmark I – Havelland III – Teltow-Fläming I ,sonja.eichwede@bundestag.de
502,Lars Ehm,CDU/CSU,121,Recklinghausen II ,lars.ehm@bundestag.de
503,Mirze Edis,Die Linke,114,Duisburg I ,mirze.edis@bundestag.de
504,Ralph Edelhäußer,CDU/CSU,245,Roth ,ralph.edelhaeusser@bundestag.de
505,Leon Eckert,BÜNDNIS 90/­DIE GRÜNEN,213,Freising ,leon.eckert@bundestag.de
506,Harald Ebner,BÜNDNIS 90/­DIE GRÜNEN,268,Schwäbisch Hall – Hohenlohe ,harald.ebner@bundestag.de
507,Joachim Ebmeyer,CDU/CSU,132,Herford – Minden-Lübbecke II ,joachim.ebmeyer@bundestag.de
508,Tobias Ebenberger,AfD,96,Rhein-Sieg-Kreis I ,tobias.ebenberger@bundestag.de
509,Deborah Düring,BÜNDNIS 90/­DIE GRÜNEN,181,Frankfurt am Main I ,deborah.duering@bundestag.de
510,Hülya Düber,CDU/CSU,250,Würzburg ,huelya.dueber@bundestag.de
511,Felix Döring,SPD,172,Gießen ,felix.doering@bundestag.de
512,Timon Dzienus,BÜNDNIS 90/­DIE GRÜNEN,41,Stadt Hannover I ,timon.dzienus@bundestag.de
513,Hansjörg Durz,CDU/CSU,252,Augsburg-Land ,hansjoerg.durz@bundestag.de
514,Christopher Drößler,AfD,188,Eichsfeld – Nordhausen – Kyffhäuserkreis ,christopher.droessler@bundestag.de
515,Katharina Dröge,BÜNDNIS 90/­DIE GRÜNEN,94,Köln III ,katharina.droege@bundestag.de
516,Falko Droßmann,SPD,18,Hamburg-Mitte ,falko.drossmann@bundestag.de
517,Christian Douglas,AfD,180,Main-Taunus ,christian.douglas@bundestag.de
518,Florian Dorn,CDU/CSU,255,Memmingen – Unterallgäu ,florian.dorn@bundestag.de
519,Michael Donth,CDU/CSU,289,Reutlingen ,michael.donth@bundestag.de
520,Alexander Dobrindt,CDU/CSU,225,Weilheim ,alexander.dobrindt@bundestag.de
521,Sabine Dittmar,SPD,247,Bad Kissingen ,sabine.dittmar@bundestag.de
522,Jeanne Dillschneider,BÜNDNIS 90/­DIE GRÜNEN,296,Saarbrücken ,jeanne.dillschneider@bundestag.de
523,Esther Dilcher,SPD,166,Waldeck ,esther.dilcher@bundestag.de
524,Thomas Dietz,AfD,163,Erzgebirgskreis I ,thomas.dietz@bundestag.de
525,Jan Dieren,SPD,113,Krefeld II – Wesel II ,jan.dieren@bundestag.de
526,Sandra Detzer,BÜNDNIS 90/­DIE GRÜNEN,265,Ludwigsburg ,sandra.detzer@bundestag.de
527,Ellen Demuth,CDU/CSU,196,Neuwied ,ellen.demuth@bundestag.de
528,Hakan Demir,SPD,81,Berlin-Neukölln ,hakan.demir@bundestag.de
529,Janosch Dahmen,BÜNDNIS 90/­DIE GRÜNEN,138,Ennepe-Ruhr-Kreis II ,janosch.dahmen@bundestag.de
530,Wolfgang Dahler,CDU/CSU,292,Biberach ,wolfgang.dahler@bundestag.de
531,Gottfried Curio,AfD,84,Berlin-Marzahn-Hellersdorf ,gottfried.curio@bundestag.de
532,Jürgen Coße,SPD,127,Steinfurt III ,juergen.cosse@bundestag.de
533,Agnes Maria Conrad,Die Linke,249,Schweinfurt ,agnes.conrad@bundestag.de
534,Gitta Connemann,CDU/CSU,25,Unterems ,gitta.connemann@bundestag.de
535,Tino Chrupalla,AfD,156,Görlitz ,tino.chrupalla@bundestag.de
536,Jörg Cezanne,Die Linke,183,Groß-Gerau ,joerg.cezanne@bundestag.de
537,Lars Castellucci,SPD,277,Rhein-Neckar ,lars.castellucci@bundestag.de
538,Sandra Carstensen,CDU/CSU,6,Plön – Neumünster ,sandra.carstensen@bundestag.de
539,Isabel Cademartori,SPD,275,Mannheim ,isabel.cademartori@bundestag.de
540,Clara Bünger,Die Linke,159,Dresden II – Bautzen II ,clara.buenger@bundestag.de
541,Marcus Bühl,AfD,191,Gotha – Ilm-Kreis ,marcus.buehl@bundestag.de
542,Benedikt Büdenbender,CDU/CSU,147,Siegen-Wittgenstein ,benedikt.buedenbender@bundestag.de
543,Janina Böttger,Die Linke,71,Halle ,janina.boettger@bundestag.de
544,Karl Bär,BÜNDNIS 90/­DIE GRÜNEN,222,Bad Tölz-Wolfratshausen – Miesbach ,karl.baer@bundestag.de
545,Dorothee Bär,CDU/CSU,247,Bad Kissingen ,dorothee.baer@bundestag.de
546,Yannick Bury,CDU/CSU,283,Emmendingen – Lahr ,yannick.bury@bundestag.de
547,Maik Brückner,Die Linke,48,Hildesheim ,maik.brueckner@bundestag.de
548,Marlon Bröhr,CDU/CSU,199,Mosel/Rhein-Hunsrück ,marlon.broehr@bundestag.de
549,Agnieszka Brugger,BÜNDNIS 90/­DIE GRÜNEN,294,Ravensburg ,agnieszka.brugger@bundestag.de
550,Erhard Brucker,AfD,228,Passau ,erhard.brucker@bundestag.de
551,Victoria Broßart,BÜNDNIS 90/­DIE GRÜNEN,221,Rosenheim ,victoria.brossart@bundestag.de
552,Carsten Brodesser,CDU/CSU,98,Oberbergischer Kreis ,carsten.brodesser@bundestag.de
553,Lutz Brinkmann,CDU/CSU,38,Osnabrück-Land ,lutz.brinkmann@bundestag.de
554,Ralph Brinkhaus,CDU/CSU,130,Gütersloh I ,ralph.brinkhaus@bundestag.de
555,Anne-Mieke Bremer,Die Linke,40,Nienburg II – Schaumburg ,anne-mieke.bremer@bundestag.de
556,Silvia Breher,CDU/CSU,32,Cloppenburg – Vechta ,silvia.breher@bundestag.de
557,Franziska Brantner,BÜNDNIS 90/­DIE GRÜNEN,274,Heidelberg ,franziska.brantner@bundestag.de
558,Stephan Brandner,AfD,193,Gera – Greiz – Altenburger Land ,stephan.brandner@bundestag.de
559,Reinhard Brandl,CDU/CSU,215,Ingolstadt ,reinhard.brandl@bundestag.de
560,Dirk Brandes,AfD,43,Hannover-Land I ,dirk.brandes@bundestag.de
561,Michael Brand,CDU/CSU,173,Fulda ,michael.brand@bundestag.de
562,Torben Braga,AfD,,,torben.braga@bundestag.de
563,Frederik Bouffier,CDU/CSU,172,Gießen ,frederik.bouffier@bundestag.de
564,Jorrit Bosch,Die Linke,,,jorrit.bosch@bundestag.de
565,Caroline Bosbach,CDU/CSU,99,Rheinisch-Bergischer Kreis ,caroline.bosbach@bundestag.de
566,Simone Borchardt,CDU/CSU,13,Ludwigslust-Parchim II – Nordwestmecklenburg II – Landkreis Rostock I ,simone.borchardt@bundestag.de
567,Hendrik Bollmann,SPD,140,Herne – Bochum II ,hendrik.bollmann@bundestag.de
568,Gereon Bollmann,AfD,4,Rendsburg-Eckernförde ,gereon.bollmann@bundestag.de
569,Peter Bohnhof,AfD,,,peter.bohnhof@bundestag.de
570,Peter Boehringer,AfD,231,Amberg ,peter.boehringer@bundestag.de
571,Leif Bodin,CDU/CSU,2,Nordfriesland – Dithmarschen Nord ,leif.bodin@bundestag.de
572,Violetta Bock,Die Linke,167,Kassel ,violetta.bock@bundestag.de
573,René Bochmann,AfD,150,Nordsachsen ,rene.bochmann@bundestag.de
574,Michael Blos,AfD,283,Emmendingen – Lahr ,michael.blos@bundestag.de
575,Joachim Bloch,AfD,285,Rottweil – Tuttlingen ,joachim.bloch@bundestag.de
576,Andreas Bleck,AfD,196,Neuwied ,andreas.bleck@bundestag.de
577,Jakob Blankenburg,SPD,37,Lüchow-Dannenberg – Lüneburg ,jakob.blankenburg@bundestag.de
578,Christoph Birghan,AfD,224,Traunstein ,christoph.birghan@bundestag.de
579,Florian Bilic,CDU/CSU,209,Pirmasens ,florian.bilic@bundestag.de
580,Steffen Bilger,CDU/CSU,265,Ludwigsburg ,steffen.bilger@bundestag.de
581,Marc Biadacz,CDU/CSU,260,Böblingen ,marc.biadacz@bundestag.de
582,Peter Beyer,CDU/CSU,104,Mettmann II ,peter.beyer@bundestag.de
583,Lorenz Gösta Beutin,Die Linke,1,Flensburg – Schleswig ,lorenz.beutin@bundestag.de
584,Daniel Bettermann,SPD,167,Kassel ,daniel.bettermann@bundestag.de
585,Birgit Bessin,AfD,65,Elbe-Elster – Oberspreewald-Lausitz ,birgit.bessin@bundestag.de
586,Melanie Bernstein,CDU/CSU,8,Segeberg – Stormarn-Mitte ,melanie.bernstein@bundestag.de
587,Marc Bernhard,AfD,271,Karlsruhe-Stadt ,marc.bernhard@bundestag.de
588,Lukas Benner,BÜNDNIS 90/­DIE GRÜNEN,86,Aachen I ,lukas.benner@bundestag.de
589,Jens Behrens,SPD,145,Soest ,jens.behrens@bundestag.de
590,Sascha van Beek,CDU/CSU,112,Wesel I ,sascha.vanbeek@bundestag.de
591,Desiree Becker,Die Linke,172,Gießen ,desiree.becker@bundestag.de
592,Carsten Becker,AfD,297,Saarlouis ,carsten.becker@bundestag.de
593,Katharina Beck,BÜNDNIS 90/­DIE GRÜNEN,21,Hamburg-Nord ,katharina.beck@bundestag.de
594,Günter Baumgartner,CDU/CSU,229,Rottal-Inn ,guenter.baumgartner@bundestag.de
595,Bernd Baumann,AfD,19,Hamburg-Altona ,bernd.baumann@bundestag.de
596,Christina Baum,AfD,68,Harz ,christina.baum@bundestag.de
597,Marcel Bauer,Die Linke,271,Karlsruhe-Stadt ,marcel.bauer@bundestag.de
598,Bärbel Bas,SPD,114,Duisburg I ,baerbel.bas@bundestag.de
599,Dietmar Bartsch,Die Linke,14,Rostock – Landkreis Rostock II ,dietmar.bartsch@bundestag.de
600,Sören Bartol,SPD,170,Marburg ,soeren.bartol@bundestag.de
601,Thomas Bareiß,CDU/CSU,295,Zollernalb – Sigmaringen ,thomas.bareiss@bundestag.de
602,Felix Banaszak,BÜNDNIS 90/­DIE GRÜNEN,115,Duisburg II ,felix.banaszak@bundestag.de
603,Adam Balten,AfD,112,Wesel I ,adam.balten@bundestag.de
604,Daniel Baldy,SPD,204,Mainz ,daniel.baldy@bundestag.de
605,Lisa Badum,BÜNDNIS 90/­DIE GRÜNEN,235,Bamberg ,lisa.badum@bundestag.de
606,Carolin Bachmann,AfD,160,Mittelsachsen ,carolin.bachmann@bundestag.de
607,Cornell-Anette Babendererde,CDU/CSU,36,Harburg ,cornell.babendererde@bundestag.de
608,Peter Aumer,CDU/CSU,232,Regensburg ,peter.aumer@bundestag.de
609,Artur Auernhammer,CDU/CSU,240,Ansbach ,artur.auernhammer@bundestag.de
610,Andreas Audretsch,BÜNDNIS 90/­DIE GRÜNEN,81,Berlin-Neukölln ,andreas.audretsch@bundestag.de
611,Tijen Ataoğlu,CDU/CSU,137,Hagen – Ennepe-Ruhr-Kreis I ,tijen.ataoglu@bundestag.de
612,Ayse Asar,BÜNDNIS 90/­DIE GRÜNEN,177,Rheingau-Taunus – Limburg ,ayse.asar@bundestag.de
613,Alexander Arpaschi,AfD,273,Rastatt ,alexander.arpaschi@bundestag.de
614,Michael „Moses“ Arndt,Die Linke,299,Homburg ,michael.arndt@bundestag.de
615,Luise Amtsberg,BÜNDNIS 90/­DIE GRÜNEN,5,Kiel ,luise.amtsberg@bundestag.de
616,Philipp Amthor,CDU/CSU,16,Mecklenburgische Seenplatte I – Vorpommern-Greifswald II ,philipp.amthor@bundestag.de
617,Norbert Maria Altenkamp,CDU/CSU,180,Main-Taunus ,norbert.altenkamp@bundestag.de
618,Alaa Alhamwi,BÜNDNIS 90/­DIE GRÜNEN,27,Oldenburg – Ammerland ,alaa.alhamwi@bundestag.de
619,Stephan Albani,CDU/CSU,27,Oldenburg – Ammerland ,stephan.albani@bundestag.de
620,Reem Alabali Radovan,SPD,12,Schwerin – Ludwigslust-Parchim I – Nordwestmecklenburg I ,reem.alabali-radovan@bundestag.de
621,Tarek Al-Wazir,BÜNDNIS 90/­DIE GRÜNEN,184,Offenbach ,tarek.al-wazir@bundestag.de
622,Jan van Aken,Die Linke,,,jan.vanaken@bundestag.de
623,Gökay Akbulut,Die Linke,275,Mannheim ,goekay.akbulut@bundestag.de
624,Adis Ahmetović,SPD,41,Stadt Hannover I ,adis.ahmetovic@bundestag.de
625,Anna Aeikens,CDU/CSU,67,Börde – Salzlandkreis ,anna.aeikens@bundestag.de
626,Doris Achelwilm,Die Linke,54,Bremen I ,doris.achelwilm@bundestag.de
627,Knut Abraham,CDU/CSU,65,Elbe-Elster – Oberspreewald-Lausitz ,knut.abraham@bundestag.de
628,Sanae Abdi,SPD,92,Köln I ,sanae.abdi@bundestag.de
